{"cameraMode":{"drawMode":2,"name":"Shaded Wireframe","section":"Shading Mode"},"sceneLighting":true,"audioPlay":false,"sceneViewState":{"m_AlwaysRefresh":false,"showFog":true,"showSkybox":true,"showFlares":true,"showImageEffects":true,"showParticleSystems":true,"showVisualEffectGraphs":true,"m_FxEnabled":true},"in2DMode":false,"pivot":{"x":-4.1621174812316898,"y":13.799531936645508,"z":12.815303802490235},"rotation":{"x":0.18216624855995179,"y":-0.035394299775362018,"z":0.006560720503330231,"w":0.9826084971427918},"size":24.146800994873048,"orthographic":false}